elapsed_seconds,stage,step_progress,gpu_memory_mib,gpu_utilization_percent
5.6,generating,,365,0
10.6,generating,,365,0
15.7,generating,,3169,0
20.7,generating,,4449,9
25.8,generating,,5603,9
30.8,generating,,6633,0
35.9,generating,,8165,0
40.9,generating,,9069,0
46.0,generating,,10475,0
51.1,generating,,11755,0
56.1,generating,,12891,1
61.1,generating,,14171,0
66.2,generating,,15577,0
71.3,generating,,16985,9
76.3,generating,,18265,9
81.4,generating,,19421,9
86.4,generating,,20575,22
91.5,generating,,22109,0
96.5,generating,,23389,9
101.6,generating,,24795,0
106.6,generating,MiniMax H3: 0/32 steps,925,0
111.7,generating,MiniMax H3: 0/32 steps,5833,38
116.7,generating,MiniMax H3: 0/32 steps,8219,2
121.8,generating,MiniMax H3: 0/32 steps,8219,0
126.8,generating,MiniMax H3: 0/32 steps,9811,62
131.9,generating,MiniMax H3: 0/32 steps,10607,84
136.9,generating,MiniMax H3: 0/32 steps,11405,0
142.0,generating,MiniMax H3: 0/32 steps,12997,0
147.0,generating,MiniMax H3: 0/32 steps,13795,0
152.1,generating,MiniMax H3: 0/32 steps,14591,40
157.1,generating,MiniMax H3: 0/32 steps,16185,3
162.2,generating,MiniMax H3: 0/32 steps,16981,24
167.3,generating,MiniMax H3: 0/32 steps,17779,0
172.3,generating,MiniMax H3: 0/32 steps,18577,21
177.4,generating,MiniMax H3: 0/32 steps,19373,0
182.4,generating,MiniMax H3: 0/32 steps,20967,0
187.5,generating,MiniMax H3: 0/32 steps,21763,99
192.6,generating,MiniMax H3: 0/32 steps,22559,0
197.6,generating,MiniMax H3: 0/32 steps,23357,0
202.6,generating,MiniMax H3: 0/32 steps,24155,0
207.7,generating,MiniMax H3: 0/32 steps,24951,3
212.7,generating,MiniMax H3: 0/32 steps,24951,6
217.8,generating,MiniMax H3: 1/32 steps,24951,100
222.8,generating,MiniMax H3: 1/32 steps,24951,100
227.9,generating,MiniMax H3: 1/32 steps,24951,100
233.0,generating,MiniMax H3: 1/32 steps,24951,72
238.0,generating,MiniMax H3: 2/32 steps,24951,100
243.1,generating,MiniMax H3: 2/32 steps,24951,100
248.1,generating,MiniMax H3: 2/32 steps,24951,100
253.2,generating,MiniMax H3: 2/32 steps,24951,83
258.3,generating,MiniMax H3: 3/32 steps,24951,100
263.4,generating,MiniMax H3: 3/32 steps,24951,100
268.4,generating,MiniMax H3: 3/32 steps,24951,100
273.5,generating,MiniMax H3: 4/32 steps,24951,100
278.6,generating,MiniMax H3: 4/32 steps,24951,100
283.6,generating,MiniMax H3: 4/32 steps,24951,100
288.7,generating,MiniMax H3: 4/32 steps,24951,100
293.7,generating,MiniMax H3: 5/32 steps,24951,100
298.8,generating,MiniMax H3: 5/32 steps,24951,100
303.8,generating,MiniMax H3: 5/32 steps,24951,100
308.9,generating,MiniMax H3: 5/32 steps,24951,100
314.0,generating,MiniMax H3: 6/32 steps,24951,100
319.0,generating,MiniMax H3: 6/32 steps,24951,100
324.1,generating,MiniMax H3: 6/32 steps,24951,100
329.1,generating,MiniMax H3: 6/32 steps,24951,100
334.2,generating,MiniMax H3: 7/32 steps,24951,100
339.2,generating,MiniMax H3: 7/32 steps,24951,100
344.3,generating,MiniMax H3: 7/32 steps,24951,100
349.3,generating,MiniMax H3: 7/32 steps,24951,73
354.4,generating,MiniMax H3: 8/32 steps,24951,100
359.4,generating,MiniMax H3: 8/32 steps,24951,100
364.5,generating,MiniMax H3: 8/32 steps,24951,100
369.5,generating,MiniMax H3: 9/32 steps,24951,100
374.6,generating,MiniMax H3: 9/32 steps,24951,100
379.6,generating,MiniMax H3: 9/32 steps,24951,100
384.7,generating,MiniMax H3: 9/32 steps,24951,100
389.7,generating,MiniMax H3: 10/32 steps,24951,100
394.8,generating,MiniMax H3: 10/32 steps,24951,100
399.9,generating,MiniMax H3: 10/32 steps,24951,100
404.9,generating,MiniMax H3: 10/32 steps,24951,100
410.0,generating,MiniMax H3: 11/32 steps,24951,100
415.0,generating,MiniMax H3: 11/32 steps,24951,100
420.0,generating,MiniMax H3: 11/32 steps,24951,100
425.1,generating,MiniMax H3: 11/32 steps,24951,90
430.2,generating,MiniMax H3: 12/32 steps,24951,100
435.2,generating,MiniMax H3: 12/32 steps,24951,100
440.3,generating,MiniMax H3: 12/32 steps,24951,100
445.3,generating,MiniMax H3: 12/32 steps,24951,44
450.4,generating,MiniMax H3: 13/32 steps,24951,100
455.5,generating,MiniMax H3: 13/32 steps,24951,100
460.5,generating,MiniMax H3: 13/32 steps,24951,100
465.6,generating,MiniMax H3: 14/32 steps,24951,100
470.6,generating,MiniMax H3: 14/32 steps,24951,100
475.7,generating,MiniMax H3: 14/32 steps,24951,100
480.8,generating,MiniMax H3: 14/32 steps,24951,100
485.8,generating,MiniMax H3: 15/32 steps,24951,100
490.9,generating,MiniMax H3: 15/32 steps,24951,100
495.9,generating,MiniMax H3: 15/32 steps,24951,100
501.0,generating,MiniMax H3: 15/32 steps,24951,89
506.0,generating,MiniMax H3: 16/32 steps,24951,100
511.1,generating,MiniMax H3: 16/32 steps,24951,100
516.1,generating,MiniMax H3: 16/32 steps,24951,100
521.2,generating,MiniMax H3: 16/32 steps,24951,88
526.2,generating,MiniMax H3: 17/32 steps,24951,100
531.3,generating,MiniMax H3: 17/32 steps,24951,100
536.4,generating,MiniMax H3: 17/32 steps,24951,100
541.4,generating,MiniMax H3: 17/32 steps,24951,83
546.4,generating,MiniMax H3: 18/32 steps,24951,100
551.5,generating,MiniMax H3: 18/32 steps,24951,100
556.6,generating,MiniMax H3: 18/32 steps,24951,100
561.6,generating,MiniMax H3: 18/32 steps,24951,77
566.7,generating,MiniMax H3: 19/32 steps,24951,100
571.7,generating,MiniMax H3: 19/32 steps,24951,100
576.8,generating,MiniMax H3: 19/32 steps,24951,100
581.8,generating,MiniMax H3: 20/32 steps,24951,100
586.9,generating,MiniMax H3: 20/32 steps,24951,100
592.0,generating,MiniMax H3: 20/32 steps,24951,100
597.0,generating,MiniMax H3: 20/32 steps,24951,100
602.1,generating,MiniMax H3: 21/32 steps,24951,100
607.1,generating,MiniMax H3: 21/32 steps,24951,100
612.2,generating,MiniMax H3: 21/32 steps,24951,100
617.3,generating,MiniMax H3: 21/32 steps,24951,82
622.3,generating,MiniMax H3: 22/32 steps,24951,100
627.3,generating,MiniMax H3: 22/32 steps,24951,100
632.4,generating,MiniMax H3: 22/32 steps,24951,100
637.4,generating,MiniMax H3: 22/32 steps,24951,92
642.5,generating,MiniMax H3: 23/32 steps,24951,100
647.5,generating,MiniMax H3: 23/32 steps,24951,100
652.6,generating,MiniMax H3: 23/32 steps,24951,100
657.7,generating,MiniMax H3: 23/32 steps,24951,100
662.7,generating,MiniMax H3: 24/32 steps,24951,100
667.8,generating,MiniMax H3: 24/32 steps,24951,100
672.8,generating,MiniMax H3: 24/32 steps,24951,100
677.9,generating,MiniMax H3: 25/32 steps,24951,100
682.9,generating,MiniMax H3: 25/32 steps,24951,100
687.9,generating,MiniMax H3: 25/32 steps,24951,100
693.0,generating,MiniMax H3: 25/32 steps,24951,100
698.1,generating,MiniMax H3: 26/32 steps,24951,100
703.1,generating,MiniMax H3: 26/32 steps,24951,100
708.2,generating,MiniMax H3: 26/32 steps,24951,100
713.2,generating,MiniMax H3: 26/32 steps,24951,83
718.3,generating,MiniMax H3: 27/32 steps,24951,100
723.3,generating,MiniMax H3: 27/32 steps,24951,100
728.4,generating,MiniMax H3: 27/32 steps,24951,100
733.5,generating,MiniMax H3: 27/32 steps,24951,73
738.5,generating,MiniMax H3: 28/32 steps,24951,100
743.6,generating,MiniMax H3: 28/32 steps,24951,100
748.6,generating,MiniMax H3: 28/32 steps,24951,100
753.7,generating,MiniMax H3: 28/32 steps,24951,90
758.7,generating,MiniMax H3: 29/32 steps,24951,100
763.8,generating,MiniMax H3: 29/32 steps,24951,100
768.9,generating,MiniMax H3: 29/32 steps,24951,100
774.0,generating,MiniMax H3: 30/32 steps,24951,100
779.0,generating,MiniMax H3: 30/32 steps,24951,100
784.0,generating,MiniMax H3: 30/32 steps,24951,100
789.1,generating,MiniMax H3: 30/32 steps,24951,100
794.2,generating,MiniMax H3: 31/32 steps,24951,100
799.2,generating,MiniMax H3: 31/32 steps,24951,100
804.3,generating,MiniMax H3: 31/32 steps,24951,100
809.3,generating,MiniMax H3: 31/32 steps,24951,89
814.4,generating,MiniMax H3: 32/32 steps,757,0
819.4,generating,MiniMax H3: 32/32 steps,1397,0
824.5,generating,MiniMax H3: 32/32 steps,1941,0
829.5,generating,MiniMax H3: 32/32 steps,2357,0
834.6,generating,MiniMax H3: 32/32 steps,2741,0
839.7,generating,MiniMax H3: 32/32 steps,3253,7
844.7,generating,MiniMax H3: 32/32 steps,3765,7
849.8,generating,MiniMax H3: 32/32 steps,4277,0
854.8,generating,MiniMax H3: 32/32 steps,4789,0
859.9,generating,MiniMax H3: 32/32 steps,5173,0
864.9,generating,MiniMax H3: 32/32 steps,5725,100
870.0,generating,MiniMax H3: 32/32 steps,5725,100
875.0,generating,MiniMax H3: 32/32 steps,1239,2
880.1,generating,MiniMax H3: 32/32 steps,365,0
885.1,generating,MiniMax H3: 32/32 steps,365,0
890.2,generating,MiniMax H3: 32/32 steps,365,0
895.2,generating,MiniMax H3: 32/32 steps,365,0
900.3,generating,MiniMax H3: 32/32 steps,365,0
905.3,complete,Waiting...,365,0
